year,precinct,board
2024,11,1
2024,15,1
2024,16,1
2024,18,1
2024,19,1
2024,20,1
2024,22,1
2024,23,1
2024,25,1
2024,32,2
2024,33,2
2024,34,2
2024,38,2
2024,39,2
2024,40,2
2024,41,2
2024,43,2
2024,502,2
2024,61,3
2024,62,3
2024,64,3
2024,65,3
2024,66,3
2024,68,3
2024,70,3
2024,71,4
2024,72,4
2024,73,4
2024,74,4
2024,86,4
2024,88,4
2024,173,4
2024,174,4
2024,175,4
2024,176,5
2024,177,5
2024,178,5
2024,180,5
2024,182,5
2024,183,5
2024,184,5
2024,185,5
2024,188,6
2024,189,6
2024,190,6
2024,191,6
2024,192,6
2024,193,6
2024,194,6
2024,195,6
2024,197,6
2024,78,7
2024,79,7
2024,80,7
2024,172,8
2024,44,9
2024,50,9
2024,51,9
2024,52,9
2024,53,9
2024,81,9
2024,82,9
2024,83,9
2024,84,9
2024,85,9
2024,35,10
2024,45,10
2024,46,10
2024,55,10
2024,69,11
2024,143,11
2024,443,11
2024,457,12
2024,460,12
2024,461,12
2024,462,12
2024,470,12
2024,471,12
2024,472,12
2024,473,12
2024,474,13
2024,475,13
2024,477,13
2024,479,13
2024,480,13
2024,481,13
2024,482,13
2024,483,13
2024,484,13
2024,485,13
2024,447,14
2024,449,14
2024,416,15
2024,418,15
2024,420,15
2024,450,15
2024,422,16
2024,423,16
2024,424,16
2024,425,16
2024,452,16
2024,453,16
2024,417,17
2024,419,17
2024,166,18
2024,405,19
2024,409,19
2024,414,19
2024,415,19
2024,421,19
2024,221,20
2024,222,20
2024,238,20
2024,239,20
2024,259,20
2024,260,20
2024,14,21
2024,49,21
2024,90,22
2024,100,22
2024,161,22
2024,162,22
2024,167,22
2024,168,22
2024,169,22
2024,437,22
2024,438,22
2024,442,22
2024,446,22
2024,448,22
2024,10,23
2024,12,23
2024,101,23
2024,102,23
2024,111,23
2024,75,24
2024,77,24
2024,89,24
2024,91,24
2024,92,24
2024,93,24
2024,94,24
2024,95,24
2024,97,24
2024,98,24
2024,103,24
2024,105,24
2024,107,24
2024,491,24
2024,36,25
2024,47,25
2024,56,25
2024,158,26
2024,159,26
2024,220,26
2024,432,26
2024,433,26
2024,434,26
2024,436,26
2024,439,26
2024,198,27
2024,199,27
2024,200,27
2024,201,27
2024,203,27
2024,204,28
2024,207,28
2024,208,28
2024,209,28
2024,210,28
2024,211,28
2024,212,29
2024,215,29
2024,216,29
2024,217,29
2024,218,29
2024,219,29
2024,396,29
2024,398,29
2024,399,29
2024,400,29
2024,426,29
2024,428,29
2024,429,29
2024,430,29
2024,435,29
2024,440,29
2024,386,30
2024,387,30
2024,390,30
2024,402,30
2024,490,30
2024,360,31
2024,26,32
2024,5,33
2024,6,33
2024,7,33
2024,8,33
2024,9,33
2024,29,33
2024,121,34
2024,136,34
2024,137,34
2024,138,34
2024,139,34
2024,140,34
2024,146,34
2024,147,34
2024,150,35
2024,151,35
2024,164,35
2024,165,35
2024,441,35
2024,464,35
2024,500,35
2024,27,36
2024,116,36
2024,1,37
2024,2,37
2024,4,37
2024,112,37
2024,115,37
2024,120,37
2024,122,37
2024,123,37
2024,124,38
2024,125,38
2024,126,38
2024,128,38
2024,129,39
2024,130,39
2024,132,39
2024,133,39
2024,134,39
2024,135,39
2024,144,40
2024,145,40
2024,148,40
2024,156,40
2024,157,40
2024,458,40
2024,466,40
2024,493,40
2024,496,40
2024,497,40
2024,59,41
2024,444,42
2024,268,43
2024,279,43
2024,283,43
2024,285,43
2024,297,43
2024,309,43
2024,310,43
2024,278,44
2024,304,44
2024,305,44
2024,306,44
2024,307,44
2024,308,44
2024,495,44
2024,299,45
2024,323,45
2024,324,45
2024,325,45
2024,326,45
2024,349,46
2024,350,46
2024,351,46
2024,352,46
2024,361,46
2024,501,46
2024,261,47
2024,263,47
2024,265,47
2024,267,47
2024,271,47
2024,273,47
2024,275,48
2024,276,48
2024,280,48
2024,281,48
2024,282,48
2024,286,48
2024,287,48
2024,264,49
2024,266,49
2024,269,49
2024,272,49
2024,298,49
2024,300,49
2024,301,49
2024,302,49
2024,337,50
2024,338,50
2024,355,50
2024,376,50
2024,377,50
2024,394,51
2024,395,51
2024,254,52
2024,318,52
2024,319,52
2024,320,52
2024,353,52
2024,393,52
2024,311,53
2024,312,53
2024,315,53
2024,316,53
2024,317,53
2024,328,53
2024,329,53
2024,370,54
2024,371,54
2024,373,54
2024,404,54
2024,406,54
2024,407,54
2024,408,54
2024,410,54
2024,411,54
2024,413,54
2024,330,55
2024,331,55
2024,333,55
2024,334,55
2024,335,55
2024,336,55
2024,339,55
2024,340,55
2024,341,55
2024,342,55
2024,343,56
2024,344,56
2024,345,56
2024,346,56
2024,347,56
2024,348,56
2024,356,56
2024,357,56
2024,359,56
2024,362,57
2024,363,57
2024,364,57
2024,365,57
2024,368,57
2024,369,57
2024,374,57
2024,375,57
2024,378,57
2024,379,57
2024,223,58
2024,224,58
2024,225,58
2024,226,58
2024,227,58
2024,228,59
2024,229,59
2024,230,59
2024,231,59
2024,232,59
2024,233,60
2024,234,60
2024,236,60
2024,240,60
2024,241,60
2024,242,60
2024,243,60
2024,244,60
2024,246,61
2024,247,61
2024,248,61
2024,256,61
2024,257,61
2024,258,61
2024,291,61
2024,292,61
2024,293,61
2024,251,62
2024,252,62
2024,253,62
2024,288,63
2024,289,63
2024,290,63
2024,294,63
2024,295,63
2024,296,63
2024,313,63
2024,60,64
2024,249,65
2024,250,65
2024,380,65
2024,381,65
2024,383,65
2024,384,65
2024,385,65
2024,389,65
2024,392,65
2024,403,65